Date,Days-since-Jan-1-1900,S&P-Index
13-Sep-21,44451,4468.73
6-Sep-21,44444,4458.58
30-Aug-21,44437,4535.43
23-Aug-21,44430,4509.37
16-Aug-21,44423,4441.67
9-Aug-21,44416,4468.00
2-Aug-21,44409,4436.52
26-Jul-21,44402,4395.26
19-Jul-21,44395,4411.79
12-Jul-21,44388,4327.16
5-Jul-21,44381,4369.55
28-Jun-21,44374,4352.34
21-Jun-21,44367,4280.70
14-Jun-21,44360,4166.45
7-Jun-21,44353,4247.44
31-May-21,44346,4229.89
24-May-21,44339,4204.11
17-May-21,44332,4155.86
10-May-21,44325,4173.85
3-May-21,44318,4232.60
26-Apr-21,44311,4181.17
19-Apr-21,44304,4180.17
12-Apr-21,44297,4185.47
5-Apr-21,44290,4128.80
29-Mar-21,44283,4019.87
22-Mar-21,44276,3974.54
15-Mar-21,44269,3913.10
8-Mar-21,44262,3943.34
1-Mar-21,44255,3841.94
22-Feb-21,44248,3811.15
15-Feb-21,44241,3906.71
8-Feb-21,44234,3934.83
1-Feb-21,44227,3886.83
25-Jan-21,44220,3714.24
18-Jan-21,44213,3841.47
11-Jan-21,44206,3768.25
4-Jan-21,44199,3824.68
28-Dec-20,44192,3756.07
21-Dec-20,44185,3703.06
14-Dec-20,44178,3709.41
7-Dec-20,44171,3663.46
30-Nov-20,44164,3699.12
23-Nov-20,44157,3638.35
16-Nov-20,44150,3557.54
9-Nov-20,44143,3585.15
2-Nov-20,44136,3509.44
26-Oct-20,44129,3269.96
19-Oct-20,44122,3465.39
12-Oct-20,44115,3483.81
5-Oct-20,44108,3477.14
28-Sep-20,44101,3348.42
21-Sep-20,44094,3298.46
14-Sep-20,44087,3319.47
7-Sep-20,44080,3340.97
31-Aug-20,44073,3426.96
24-Aug-20,44066,3508.01
17-Aug-20,44059,3397.16
10-Aug-20,44052,3372.85
3-Aug-20,44045,3351.28
27-Jul-20,44038,3271.12
20-Jul-20,44031,3215.63
13-Jul-20,44024,3224.73
6-Jul-20,44017,3185.04
29-Jun-20,44010,3130.01
22-Jun-20,44003,3009.05
15-Jun-20,43996,3097.74
8-Jun-20,43989,3041.31
1-Jun-20,43982,3193.93
25-May-20,43975,3044.31
18-May-20,43968,2955.45
11-May-20,43961,2863.70
4-May-20,43954,2929.80
27-Apr-20,43947,2830.71
20-Apr-20,43940,2836.74
13-Apr-20,43933,2874.56
6-Apr-20,43926,2789.82
30-Mar-20,43919,2488.65
23-Mar-20,43912,2541.47
16-Mar-20,43905,2304.92
9-Mar-20,43898,2711.02
2-Mar-20,43891,2972.37
24-Feb-20,43884,2954.22
17-Feb-20,43877,3337.75
10-Feb-20,43870,3380.16
3-Feb-20,43863,3327.71
27-Jan-20,43856,3225.52
20-Jan-20,43849,3295.47
13-Jan-20,43842,3329.62
6-Jan-20,43835,3265.35
30-Dec-19,43828,3234.85
23-Dec-19,43821,3240.02
16-Dec-19,43814,3221.22
9-Dec-19,43807,3168.80
2-Dec-19,43800,3145.91
25-Nov-19,43793,3140.98
18-Nov-19,43786,3110.29
11-Nov-19,43779,3120.46
4-Nov-19,43772,3093.08
28-Oct-19,43765,3066.91
21-Oct-19,43758,3022.55
14-Oct-19,43751,2986.20
7-Oct-19,43744,2970.27
30-Sep-19,43737,2952.01
23-Sep-19,43730,2961.79
16-Sep-19,43723,2992.07
9-Sep-19,43716,3007.39
2-Sep-19,43709,2978.71
26-Aug-19,43702,2926.46
19-Aug-19,43695,2847.11
12-Aug-19,43688,2888.68
5-Aug-19,43681,2918.65
29-Jul-19,43674,2932.05
22-Jul-19,43667,3025.86
15-Jul-19,43660,2976.61
8-Jul-19,43653,3013.77
1-Jul-19,43646,2990.41
24-Jun-19,43639,2941.76
17-Jun-19,43632,2950.46
10-Jun-19,43625,2886.98
3-Jun-19,43618,2873.34
27-May-19,43611,2752.06
20-May-19,43604,2826.06
13-May-19,43597,2859.53
6-May-19,43590,2881.40
29-Apr-19,43583,2945.64
22-Apr-19,43576,2939.88
15-Apr-19,43569,2905.03
8-Apr-19,43562,2907.41
1-Apr-19,43555,2892.74
25-Mar-19,43548,2834.40
18-Mar-19,43541,2800.71
11-Mar-19,43534,2822.48
4-Mar-19,43527,2743.07
25-Feb-19,43520,2803.69
18-Feb-19,43513,2792.67
11-Feb-19,43506,2775.60
4-Feb-19,43499,2707.88
28-Jan-19,43492,2706.53
21-Jan-19,43485,2664.76
14-Jan-19,43478,2670.71
7-Jan-19,43471,2596.26
31-Dec-18,43464,2531.94
24-Dec-18,43457,2485.74
17-Dec-18,43450,2416.62
10-Dec-18,43443,2599.95
3-Dec-18,43436,2633.08
26-Nov-18,43429,2760.17
19-Nov-18,43422,2632.56
12-Nov-18,43415,2736.27
5-Nov-18,43408,2781.01
29-Oct-18,43401,2723.06
22-Oct-18,43394,2658.69
15-Oct-18,43387,2767.78
8-Oct-18,43380,2767.13
1-Oct-18,43373,2885.57
24-Sep-18,43366,2913.98
17-Sep-18,43359,2929.67
10-Sep-18,43352,2904.98
3-Sep-18,43345,2871.68
27-Aug-18,43338,2901.52
20-Aug-18,43331,2874.69
13-Aug-18,43324,2850.13
6-Aug-18,43317,2833.28
30-Jul-18,43310,2840.35
23-Jul-18,43303,2818.82
16-Jul-18,43296,2801.83
9-Jul-18,43289,2801.31
2-Jul-18,43282,2759.82
25-Jun-18,43275,2718.37
18-Jun-18,43268,2754.88
11-Jun-18,43261,2779.66
4-Jun-18,43254,2779.03
28-May-18,43247,2734.62
21-May-18,43240,2721.33
14-May-18,43233,2712.97
7-May-18,43226,2727.72
30-Apr-18,43219,2663.42
23-Apr-18,43212,2669.91
16-Apr-18,43205,2670.14
9-Apr-18,43198,2656.30
2-Apr-18,43191,2604.47
26-Mar-18,43184,2640.87
19-Mar-18,43177,2588.26
12-Mar-18,43170,2752.01
5-Mar-18,43163,2786.57
26-Feb-18,43156,2691.25
19-Feb-18,43149,2747.30
12-Feb-18,43142,2732.22
5-Feb-18,43135,2619.55
29-Jan-18,43128,2762.13
22-Jan-18,43121,2872.87
15-Jan-18,43114,2810.30
8-Jan-18,43107,2786.24
1-Jan-18,43100,2743.15
25-Dec-17,43093,2673.61
18-Dec-17,43086,2683.34
11-Dec-17,43079,2675.81
4-Dec-17,43072,2651.50
27-Nov-17,43065,2642.22
20-Nov-17,43058,2602.42
13-Nov-17,43051,2578.85
6-Nov-17,43044,2582.30
30-Oct-17,43037,2587.84
23-Oct-17,43030,2581.07
16-Oct-17,43023,2575.21
9-Oct-17,43016,2553.17
2-Oct-17,43009,2549.33
25-Sep-17,43002,2519.36
18-Sep-17,42995,2502.22
11-Sep-17,42988,2500.23
4-Sep-17,42981,2461.43
28-Aug-17,42974,2476.55
21-Aug-17,42967,2443.05
14-Aug-17,42960,2425.55
7-Aug-17,42953,2441.32
31-Jul-17,42946,2476.83
24-Jul-17,42939,2472.10
17-Jul-17,42932,2472.54
10-Jul-17,42925,2459.27
3-Jul-17,42918,2425.18
26-Jun-17,42911,2423.41
19-Jun-17,42904,2438.30
12-Jun-17,42897,2433.15
5-Jun-17,42890,2431.77
29-May-17,42883,2439.07
22-May-17,42876,2415.82
15-May-17,42869,2381.73
8-May-17,42862,2390.90
1-May-17,42855,2399.29
24-Apr-17,42848,2384.20
17-Apr-17,42841,2348.69
10-Apr-17,42834,2328.95
3-Apr-17,42827,2355.54
27-Mar-17,42820,2362.72
20-Mar-17,42813,2343.98
13-Mar-17,42806,2378.25
6-Mar-17,42799,2372.60
27-Feb-17,42792,2383.12
20-Feb-17,42785,2367.34
13-Feb-17,42778,2351.16
6-Feb-17,42771,2316.10
30-Jan-17,42764,2297.42
23-Jan-17,42757,2294.69
16-Jan-17,42750,2271.31
9-Jan-17,42743,2274.64
2-Jan-17,42736,2276.98
26-Dec-16,42729,2238.83
19-Dec-16,42722,2263.79
12-Dec-16,42715,2258.07
5-Dec-16,42708,2259.53
28-Nov-16,42701,2191.95
21-Nov-16,42694,2213.35
14-Nov-16,42687,2181.90
7-Nov-16,42680,2164.45
31-Oct-16,42673,2085.18
24-Oct-16,42666,2126.41
17-Oct-16,42659,2141.16
10-Oct-16,42652,2132.98
3-Oct-16,42645,2153.74
26-Sep-16,42638,2168.27
19-Sep-16,42631,2164.69
12-Sep-16,42624,2139.16
5-Sep-16,42617,2127.81
29-Aug-16,42610,2179.98
22-Aug-16,42603,2169.04
15-Aug-16,42596,2183.87
8-Aug-16,42589,2184.05
1-Aug-16,42582,2182.87
25-Jul-16,42575,2173.60
18-Jul-16,42568,2175.03
11-Jul-16,42561,2161.74
4-Jul-16,42554,2129.90
27-Jun-16,42547,2102.95
20-Jun-16,42540,2037.41
13-Jun-16,42533,2071.22
6-Jun-16,42526,2096.07
30-May-16,42519,2099.13
23-May-16,42512,2099.06
16-May-16,42505,2052.32
9-May-16,42498,2046.61
2-May-16,42491,2057.14
25-Apr-16,42484,2065.30
18-Apr-16,42477,2091.58
11-Apr-16,42470,2080.73
4-Apr-16,42463,2047.60
28-Mar-16,42456,2072.78
21-Mar-16,42449,2035.94
14-Mar-16,42442,2049.58
7-Mar-16,42435,2022.19
29-Feb-16,42428,1999.99
22-Feb-16,42421,1948.05
15-Feb-16,42414,1917.78
8-Feb-16,42407,1864.78
1-Feb-16,42400,1880.05
25-Jan-16,42393,1940.24
18-Jan-16,42386,1906.90
11-Jan-16,42379,1880.33
4-Jan-16,42372,1922.03
28-Dec-15,42365,2043.94
21-Dec-15,42358,2060.99
14-Dec-15,42351,2005.55
7-Dec-15,42344,2012.37
30-Nov-15,42337,2091.69
23-Nov-15,42330,2090.11
16-Nov-15,42323,2089.17
9-Nov-15,42316,2023.04
2-Nov-15,42309,2099.20
26-Oct-15,42302,2079.36
19-Oct-15,42295,2075.15
12-Oct-15,42288,2033.11
5-Oct-15,42281,2014.89
28-Sep-15,42274,1951.36
21-Sep-15,42267,1931.34
14-Sep-15,42260,1958.03
7-Sep-15,42253,1961.05
31-Aug-15,42246,1921.22
24-Aug-15,42239,1988.87
17-Aug-15,42232,1970.89
10-Aug-15,42225,2091.54
3-Aug-15,42218,2077.57
27-Jul-15,42211,2103.84
20-Jul-15,42204,2079.65
13-Jul-15,42197,2126.64
6-Jul-15,42190,2076.62
29-Jun-15,42183,2076.78
22-Jun-15,42176,2101.49
15-Jun-15,42169,2109.99
8-Jun-15,42162,2094.11
1-Jun-15,42155,2092.83
25-May-15,42148,2107.39
18-May-15,42141,2126.06
11-May-15,42134,2122.73
4-May-15,42127,2116.10
27-Apr-15,42120,2108.29
20-Apr-15,42113,2117.69
13-Apr-15,42106,2081.18
6-Apr-15,42099,2102.06
30-Mar-15,42092,2066.96
23-Mar-15,42085,2061.02
16-Mar-15,42078,2108.10
9-Mar-15,42071,2053.40
2-Mar-15,42064,2071.26
23-Feb-15,42057,2104.50
16-Feb-15,42050,2110.30
9-Feb-15,42043,2096.99
2-Feb-15,42036,2055.47
26-Jan-15,42029,1994.99
19-Jan-15,42022,2051.82
12-Jan-15,42015,2019.42
5-Jan-15,42008,2044.81
29-Dec-14,42001,2058.20
22-Dec-14,41994,2088.77
15-Dec-14,41987,2070.65
8-Dec-14,41980,2002.33
1-Dec-14,41973,2075.37
24-Nov-14,41966,2067.56
17-Nov-14,41959,2063.50
10-Nov-14,41952,2039.82
3-Nov-14,41945,2031.92
27-Oct-14,41938,2018.05
20-Oct-14,41931,1964.58
13-Oct-14,41924,1886.76
6-Oct-14,41917,1906.13
29-Sep-14,41910,1967.90
22-Sep-14,41903,1982.85
15-Sep-14,41896,2010.40
8-Sep-14,41889,1985.54
1-Sep-14,41882,2007.71
25-Aug-14,41875,2003.37
18-Aug-14,41868,1988.40
11-Aug-14,41861,1955.06
4-Aug-14,41854,1931.59
28-Jul-14,41847,1925.15
21-Jul-14,41840,1978.34
14-Jul-14,41833,1978.22
7-Jul-14,41826,1967.57
30-Jun-14,41819,1985.44
23-Jun-14,41812,1960.96
16-Jun-14,41805,1962.87
9-Jun-14,41798,1936.16
2-Jun-14,41791,1949.44
26-May-14,41784,1923.57
19-May-14,41777,1900.53
12-May-14,41770,1877.86
5-May-14,41763,1878.48
28-Apr-14,41756,1881.14
21-Apr-14,41749,1863.40
14-Apr-14,41742,1864.85
7-Apr-14,41735,1815.69
31-Mar-14,41728,1865.09
24-Mar-14,41721,1857.62
17-Mar-14,41714,1866.52
10-Mar-14,41707,1841.13
3-Mar-14,41700,1878.04
24-Feb-14,41693,1859.45
17-Feb-14,41686,1836.25
10-Feb-14,41679,1838.63
3-Feb-14,41672,1797.02
27-Jan-14,41665,1782.59
20-Jan-14,41658,1790.29
13-Jan-14,41651,1838.70
6-Jan-14,41644,1842.37
30-Dec-13,41637,1831.37
23-Dec-13,41630,1841.40
16-Dec-13,41623,1818.32
9-Dec-13,41616,1775.32
2-Dec-13,41609,1805.09
25-Nov-13,41602,1805.81
18-Nov-13,41595,1804.76
11-Nov-13,41588,1798.18
4-Nov-13,41581,1770.61
28-Oct-13,41574,1761.64
21-Oct-13,41567,1759.77
14-Oct-13,41560,1744.50
7-Oct-13,41553,1703.20
30-Sep-13,41546,1690.50
23-Sep-13,41539,1691.75
16-Sep-13,41532,1709.91
9-Sep-13,41525,1687.99
2-Sep-13,41518,1655.17
26-Aug-13,41511,1632.97
19-Aug-13,41504,1663.50
12-Aug-13,41497,1655.83
5-Aug-13,41490,1691.42
29-Jul-13,41483,1709.67
22-Jul-13,41476,1691.65
15-Jul-13,41469,1692.09
8-Jul-13,41462,1680.19
1-Jul-13,41455,1631.89
24-Jun-13,41448,1606.28
17-Jun-13,41441,1592.43
10-Jun-13,41434,1626.73
3-Jun-13,41427,1643.38
27-May-13,41420,1630.74
20-May-13,41413,1649.60
13-May-13,41406,1667.47
6-May-13,41399,1633.70
29-Apr-13,41392,1614.42
22-Apr-13,41385,1582.24
15-Apr-13,41378,1555.25
8-Apr-13,41371,1588.85
1-Apr-13,41364,1553.28
25-Mar-13,41357,1569.19
18-Mar-13,41350,1556.89
11-Mar-13,41343,1560.70
4-Mar-13,41336,1551.18
25-Feb-13,41329,1518.20
18-Feb-13,41322,1515.60
11-Feb-13,41315,1519.79
4-Feb-13,41308,1517.93
28-Jan-13,41301,1513.17
21-Jan-13,41294,1502.96
14-Jan-13,41287,1485.98
7-Jan-13,41280,1472.05
31-Dec-12,41273,1466.47
24-Dec-12,41266,1402.43
17-Dec-12,41259,1430.15
10-Dec-12,41252,1413.58
3-Dec-12,41245,1418.07
26-Nov-12,41238,1416.18
19-Nov-12,41231,1409.15
12-Nov-12,41224,1359.88
5-Nov-12,41217,1379.85
29-Oct-12,41210,1414.20
22-Oct-12,41203,1411.94
15-Oct-12,41196,1433.19
8-Oct-12,41189,1428.59
1-Oct-12,41182,1460.93
24-Sep-12,41175,1440.67
17-Sep-12,41168,1460.15
10-Sep-12,41161,1465.77
3-Sep-12,41154,1437.92
27-Aug-12,41147,1406.58
20-Aug-12,41140,1411.13
13-Aug-12,41133,1418.16
6-Aug-12,41126,1405.87
30-Jul-12,41119,1390.99
23-Jul-12,41112,1385.97
16-Jul-12,41105,1362.66
9-Jul-12,41098,1356.78
2-Jul-12,41091,1354.68
25-Jun-12,41084,1362.16
18-Jun-12,41077,1335.02
11-Jun-12,41070,1342.84
4-Jun-12,41063,1325.66
28-May-12,41056,1278.04
21-May-12,41049,1317.82
14-May-12,41042,1295.22
7-May-12,41035,1353.39
30-Apr-12,41028,1369.10
23-Apr-12,41021,1403.36
16-Apr-12,41014,1378.53
9-Apr-12,41007,1370.26
2-Apr-12,41000,1398.08
26-Mar-12,40993,1408.47
19-Mar-12,40986,1397.11
12-Mar-12,40979,1404.17
5-Mar-12,40972,1370.87
27-Feb-12,40965,1369.63
20-Feb-12,40958,1365.74
13-Feb-12,40951,1361.23
6-Feb-12,40944,1342.64
30-Jan-12,40937,1344.90
23-Jan-12,40930,1316.33
16-Jan-12,40923,1315.38
9-Jan-12,40916,1289.09
2-Jan-12,40909,1277.81
26-Dec-11,40902,1257.60
19-Dec-11,40895,1265.33
12-Dec-11,40888,1219.66
5-Dec-11,40881,1255.19
28-Nov-11,40874,1244.28
21-Nov-11,40867,1158.67
14-Nov-11,40860,1215.65
7-Nov-11,40853,1263.85
31-Oct-11,40846,1253.23
24-Oct-11,40839,1285.09
17-Oct-11,40832,1238.25
10-Oct-11,40825,1224.58
3-Oct-11,40818,1155.46
26-Sep-11,40811,1131.42
19-Sep-11,40804,1136.43
12-Sep-11,40797,1216.01
5-Sep-11,40790,1154.23
29-Aug-11,40783,1173.97
22-Aug-11,40776,1176.80
15-Aug-11,40769,1123.53
8-Aug-11,40762,1178.81
1-Aug-11,40755,1199.38
25-Jul-11,40748,1292.28
18-Jul-11,40741,1345.02
11-Jul-11,40734,1316.14
4-Jul-11,40727,1343.80
27-Jun-11,40720,1339.67
20-Jun-11,40713,1268.45
13-Jun-11,40706,1271.50
6-Jun-11,40699,1270.98
30-May-11,40692,1300.16
23-May-11,40685,1331.10
16-May-11,40678,1333.27
9-May-11,40671,1337.77
2-May-11,40664,1340.20
25-Apr-11,40657,1363.61
18-Apr-11,40650,1337.38
11-Apr-11,40643,1319.68
4-Apr-11,40636,1328.17
28-Mar-11,40629,1332.41
21-Mar-11,40622,1313.80
14-Mar-11,40615,1279.21
7-Mar-11,40608,1304.28
28-Feb-11,40601,1321.15
21-Feb-11,40594,1319.88
14-Feb-11,40587,1343.01
7-Feb-11,40580,1329.15
31-Jan-11,40573,1310.87
24-Jan-11,40566,1276.34
17-Jan-11,40559,1283.35
10-Jan-11,40552,1293.24
3-Jan-11,40545,1271.50
27-Dec-10,40538,1257.64
20-Dec-10,40531,1256.77
13-Dec-10,40524,1243.91
6-Dec-10,40517,1240.40
29-Nov-10,40510,1224.71
22-Nov-10,40503,1189.40
15-Nov-10,40496,1199.73
8-Nov-10,40489,1199.21
1-Nov-10,40482,1225.85
25-Oct-10,40475,1183.26
18-Oct-10,40468,1183.08
11-Oct-10,40461,1176.19
4-Oct-10,40454,1165.15
27-Sep-10,40447,1146.24
20-Sep-10,40440,1148.67
13-Sep-10,40433,1125.59
6-Sep-10,40426,1109.55
30-Aug-10,40419,1104.51
23-Aug-10,40412,1064.59
16-Aug-10,40405,1071.69
9-Aug-10,40398,1079.25
2-Aug-10,40391,1121.64
26-Jul-10,40384,1101.60
19-Jul-10,40377,1102.66
12-Jul-10,40370,1064.88
5-Jul-10,40363,1077.96
28-Jun-10,40356,1022.58
21-Jun-10,40349,1076.76
14-Jun-10,40342,1117.51
7-Jun-10,40335,1091.60
31-May-10,40328,1064.88
24-May-10,40321,1089.41
17-May-10,40314,1087.69
10-May-10,40307,1135.68
3-May-10,40300,1110.88
26-Apr-10,40293,1186.69
19-Apr-10,40286,1217.28
12-Apr-10,40279,1192.13
5-Apr-10,40272,1194.37
29-Mar-10,40265,1178.10
22-Mar-10,40258,1166.59
15-Mar-10,40251,1159.90
8-Mar-10,40244,1149.99
1-Mar-10,40237,1138.70
22-Feb-10,40230,1104.49
15-Feb-10,40223,1109.17
8-Feb-10,40216,1075.51
1-Feb-10,40209,1066.19
25-Jan-10,40202,1073.87
18-Jan-10,40195,1091.76
11-Jan-10,40188,1136.03
4-Jan-10,40181,1144.98
28-Dec-09,40174,1115.10
21-Dec-09,40167,1126.48
14-Dec-09,40160,1102.47
7-Dec-09,40153,1106.41
30-Nov-09,40146,1105.98
23-Nov-09,40139,1091.49
16-Nov-09,40132,1091.38
9-Nov-09,40125,1093.48
2-Nov-09,40118,1069.30
26-Oct-09,40111,1036.19
19-Oct-09,40104,1079.60
12-Oct-09,40097,1087.68
5-Oct-09,40090,1071.49
28-Sep-09,40083,1025.21
21-Sep-09,40076,1044.38
14-Sep-09,40069,1068.30
7-Sep-09,40062,1042.73
31-Aug-09,40055,1016.40
24-Aug-09,40048,1028.93
17-Aug-09,40041,1026.13
10-Aug-09,40034,1004.09
3-Aug-09,40027,1010.48
27-Jul-09,40020,987.48
20-Jul-09,40013,979.26
13-Jul-09,40006,940.38
6-Jul-09,39999,879.13
29-Jun-09,39992,896.42
22-Jun-09,39985,918.90
15-Jun-09,39978,921.23
8-Jun-09,39971,946.21
1-Jun-09,39964,940.09
25-May-09,39957,919.14
18-May-09,39950,887.00
11-May-09,39943,882.88
4-May-09,39936,929.23
27-Apr-09,39929,877.52
20-Apr-09,39922,866.23
13-Apr-09,39915,869.60
6-Apr-09,39908,856.56
30-Mar-09,39901,842.50
23-Mar-09,39894,815.94
16-Mar-09,39887,768.54
9-Mar-09,39880,756.55
2-Mar-09,39873,683.38
23-Feb-09,39866,735.09
16-Feb-09,39859,770.05
9-Feb-09,39852,826.84
2-Feb-09,39845,868.60
26-Jan-09,39838,825.88
19-Jan-09,39831,831.95
12-Jan-09,39824,850.12
5-Jan-09,39817,890.35
29-Dec-08,39810,931.80
22-Dec-08,39803,872.80
15-Dec-08,39796,887.88
8-Dec-08,39789,879.73
1-Dec-08,39782,876.07
24-Nov-08,39775,896.24
17-Nov-08,39768,800.03
10-Nov-08,39761,873.29
3-Nov-08,39754,930.99
27-Oct-08,39747,968.75
20-Oct-08,39740,876.77
13-Oct-08,39733,940.55
6-Oct-08,39726,899.22
29-Sep-08,39719,1099.23
22-Sep-08,39712,1213.27
15-Sep-08,39705,1255.08
8-Sep-08,39698,1251.70
1-Sep-08,39691,1242.31
25-Aug-08,39684,1282.83
18-Aug-08,39677,1292.20
11-Aug-08,39670,1298.20
4-Aug-08,39663,1296.32
28-Jul-08,39656,1260.31
21-Jul-08,39649,1257.76
14-Jul-08,39642,1260.68
7-Jul-08,39635,1239.49
30-Jun-08,39628,1262.90
23-Jun-08,39621,1278.38
16-Jun-08,39614,1317.93
9-Jun-08,39607,1360.03
2-Jun-08,39600,1360.68
26-May-08,39593,1400.38
19-May-08,39586,1375.93
12-May-08,39579,1425.35
5-May-08,39572,1388.28
28-Apr-08,39565,1413.90
21-Apr-08,39558,1397.84
14-Apr-08,39551,1390.33
7-Apr-08,39544,1332.83
31-Mar-08,39537,1370.40
24-Mar-08,39530,1315.22
17-Mar-08,39523,1329.51
10-Mar-08,39516,1288.14
3-Mar-08,39509,1293.37
25-Feb-08,39502,1330.63
18-Feb-08,39495,1353.11
11-Feb-08,39488,1349.99
4-Feb-08,39481,1331.29
28-Jan-08,39474,1395.42
21-Jan-08,39467,1330.61
14-Jan-08,39460,1325.19
7-Jan-08,39453,1401.02
31-Dec-07,39446,1411.63
24-Dec-07,39439,1478.49
17-Dec-07,39432,1484.46
10-Dec-07,39425,1467.95
3-Dec-07,39418,1504.66
26-Nov-07,39411,1481.14
19-Nov-07,39404,1440.70
12-Nov-07,39397,1458.74
5-Nov-07,39390,1453.70
29-Oct-07,39383,1509.65
22-Oct-07,39376,1535.28
15-Oct-07,39369,1500.63
8-Oct-07,39362,1561.80
1-Oct-07,39355,1557.59
24-Sep-07,39348,1526.75
17-Sep-07,39341,1525.75
10-Sep-07,39334,1484.25
3-Sep-07,39327,1453.55
27-Aug-07,39320,1473.99
20-Aug-07,39313,1479.37
13-Aug-07,39306,1445.94
6-Aug-07,39299,1453.64
30-Jul-07,39292,1433.06
23-Jul-07,39285,1458.95
16-Jul-07,39278,1534.10
9-Jul-07,39271,1552.50
2-Jul-07,39264,1530.44
25-Jun-07,39257,1503.35
18-Jun-07,39250,1502.56
11-Jun-07,39243,1532.91
4-Jun-07,39236,1507.67
28-May-07,39229,1536.34
21-May-07,39222,1515.73
14-May-07,39215,1522.75
7-May-07,39208,1505.85
30-Apr-07,39201,1505.62
23-Apr-07,39194,1494.07
16-Apr-07,39187,1484.35
9-Apr-07,39180,1452.85
2-Apr-07,39173,1443.76
26-Mar-07,39166,1420.86
19-Mar-07,39159,1436.11
12-Mar-07,39152,1386.95
5-Mar-07,39145,1402.84
26-Feb-07,39138,1387.17
19-Feb-07,39131,1451.19
12-Feb-07,39124,1455.54
5-Feb-07,39117,1438.06
29-Jan-07,39110,1448.39
22-Jan-07,39103,1422.18
15-Jan-07,39096,1430.50
8-Jan-07,39089,1430.73
1-Jan-07,39082,1409.71
25-Dec-06,39075,1418.30
18-Dec-06,39068,1410.76
11-Dec-06,39061,1427.09
4-Dec-06,39054,1409.84
27-Nov-06,39047,1396.71
20-Nov-06,39040,1400.95
13-Nov-06,39033,1401.20
6-Nov-06,39026,1380.90
30-Oct-06,39019,1364.30
23-Oct-06,39012,1377.34
16-Oct-06,39005,1368.60
9-Oct-06,38998,1365.62
2-Oct-06,38991,1349.59
25-Sep-06,38984,1335.85
18-Sep-06,38977,1314.78
11-Sep-06,38970,1319.66
4-Sep-06,38963,1298.92
28-Aug-06,38956,1311.01
21-Aug-06,38949,1295.09
14-Aug-06,38942,1302.30
7-Aug-06,38935,1266.74
31-Jul-06,38928,1279.36
24-Jul-06,38921,1278.55
17-Jul-06,38914,1240.29
10-Jul-06,38907,1236.20
3-Jul-06,38900,1265.48
26-Jun-06,38893,1270.20
19-Jun-06,38886,1244.50
12-Jun-06,38879,1251.54
5-Jun-06,38872,1252.30
29-May-06,38865,1288.22
22-May-06,38858,1280.16
15-May-06,38851,1267.03
8-May-06,38844,1291.24
1-May-06,38837,1325.76
24-Apr-06,38830,1310.61
17-Apr-06,38823,1311.28
10-Apr-06,38816,1289.12
3-Apr-06,38809,1295.50
27-Mar-06,38802,1294.87
20-Mar-06,38795,1302.95
13-Mar-06,38788,1307.25
6-Mar-06,38781,1281.42
27-Feb-06,38774,1287.23
20-Feb-06,38767,1289.43
13-Feb-06,38760,1287.24
6-Feb-06,38753,1266.99
30-Jan-06,38746,1264.03
23-Jan-06,38739,1283.72
16-Jan-06,38732,1261.49
9-Jan-06,38725,1287.61
2-Jan-06,38718,1285.45
26-Dec-05,38711,1248.29
19-Dec-05,38704,1268.66
12-Dec-05,38697,1267.32
5-Dec-05,38690,1259.37
28-Nov-05,38683,1265.08
21-Nov-05,38676,1268.25
14-Nov-05,38669,1248.27
7-Nov-05,38662,1234.72
31-Oct-05,38655,1220.14
24-Oct-05,38648,1198.41
17-Oct-05,38641,1179.59
10-Oct-05,38634,1186.57
3-Oct-05,38627,1195.90
26-Sep-05,38620,1228.81
19-Sep-05,38613,1215.29
12-Sep-05,38606,1237.91
5-Sep-05,38599,1241.48
29-Aug-05,38592,1218.02
22-Aug-05,38585,1205.10
15-Aug-05,38578,1219.71
8-Aug-05,38571,1230.39
1-Aug-05,38564,1226.42
25-Jul-05,38557,1234.18
18-Jul-05,38550,1233.68
11-Jul-05,38543,1227.92
4-Jul-05,38536,1211.86
27-Jun-05,38529,1194.44
20-Jun-05,38522,1191.57
13-Jun-05,38515,1216.96
6-Jun-05,38508,1198.11
30-May-05,38501,1196.02
23-May-05,38494,1198.78
16-May-05,38487,1189.28
9-May-05,38480,1154.05
2-May-05,38473,1171.35
25-Apr-05,38466,1156.85
18-Apr-05,38459,1152.12
11-Apr-05,38452,1142.62
4-Apr-05,38445,1181.20
28-Mar-05,38438,1172.92
21-Mar-05,38431,1171.42
14-Mar-05,38424,1189.65
7-Mar-05,38417,1200.08
28-Feb-05,38410,1222.12
21-Feb-05,38403,1211.37
14-Feb-05,38396,1201.59
7-Feb-05,38389,1205.30
31-Jan-05,38382,1203.03
24-Jan-05,38375,1171.36
17-Jan-05,38368,1167.87
10-Jan-05,38361,1184.52
3-Jan-05,38354,1186.19
27-Dec-04,38347,1211.92
20-Dec-04,38340,1210.13
13-Dec-04,38333,1194.20
6-Dec-04,38326,1188.00
29-Nov-04,38319,1191.17
22-Nov-04,38312,1182.65
15-Nov-04,38305,1170.34
8-Nov-04,38298,1184.17
1-Nov-04,38291,1166.17
25-Oct-04,38284,1130.20
18-Oct-04,38277,1095.74
11-Oct-04,38270,1108.20
4-Oct-04,38263,1122.14
27-Sep-04,38256,1131.50
20-Sep-04,38249,1110.11
13-Sep-04,38242,1128.55
6-Sep-04,38235,1123.92
30-Aug-04,38228,1113.63
23-Aug-04,38221,1107.77
16-Aug-04,38214,1098.35
9-Aug-04,38207,1064.80
2-Aug-04,38200,1063.97
26-Jul-04,38193,1101.72
19-Jul-04,38186,1086.20
12-Jul-04,38179,1101.39
5-Jul-04,38172,1112.81
28-Jun-04,38165,1125.38
21-Jun-04,38158,1134.43
14-Jun-04,38151,1135.02
7-Jun-04,38144,1136.47
31-May-04,38137,1122.50
24-May-04,38130,1120.68
17-May-04,38123,1093.56
10-May-04,38116,1095.70
3-May-04,38109,1098.70
26-Apr-04,38102,1107.30
19-Apr-04,38095,1140.60
12-Apr-04,38088,1134.61
5-Apr-04,38081,1139.32
29-Mar-04,38074,1141.81
22-Mar-04,38067,1108.06
15-Mar-04,38060,1109.78
8-Mar-04,38053,1120.57
1-Mar-04,38046,1156.86
23-Feb-04,38039,1144.94
16-Feb-04,38032,1144.11
9-Feb-04,38025,1145.81
2-Feb-04,38018,1142.76
26-Jan-04,38011,1131.13
19-Jan-04,38004,1141.55
12-Jan-04,37997,1139.83
5-Jan-04,37990,1121.86
29-Dec-03,37983,1108.48
22-Dec-03,37976,1095.89
15-Dec-03,37969,1088.66
8-Dec-03,37962,1074.14
1-Dec-03,37955,1061.50
24-Nov-03,37948,1058.20
17-Nov-03,37941,1035.28
10-Nov-03,37934,1050.35
3-Nov-03,37927,1053.21
27-Oct-03,37920,1050.71
20-Oct-03,37913,1028.91
13-Oct-03,37906,1039.32
6-Oct-03,37899,1038.06
29-Sep-03,37892,1029.85
22-Sep-03,37885,996.85
15-Sep-03,37878,1036.30
8-Sep-03,37871,1018.63
1-Sep-03,37864,1021.39
25-Aug-03,37857,1008.01
18-Aug-03,37850,993.06
11-Aug-03,37843,990.67
4-Aug-03,37836,977.59
28-Jul-03,37829,980.15
21-Jul-03,37822,998.68
14-Jul-03,37815,993.32
7-Jul-03,37808,998.14
30-Jun-03,37801,985.70
23-Jun-03,37794,976.22
16-Jun-03,37787,995.69
9-Jun-03,37780,988.61
2-Jun-03,37773,987.76
26-May-03,37766,963.59
19-May-03,37759,933.22
12-May-03,37752,944.30
5-May-03,37745,933.41
28-Apr-03,37738,930.08
21-Apr-03,37731,898.81
14-Apr-03,37724,893.58
7-Apr-03,37717,868.30
31-Mar-03,37710,878.85
24-Mar-03,37703,863.50
17-Mar-03,37696,895.79
10-Mar-03,37689,833.27
3-Mar-03,37682,828.89
24-Feb-03,37675,841.15
17-Feb-03,37668,848.17
10-Feb-03,37661,834.89
3-Feb-03,37654,829.69
27-Jan-03,37647,855.70
20-Jan-03,37640,861.40
13-Jan-03,37633,901.78
6-Jan-03,37626,927.57
30-Dec-02,37619,908.59
23-Dec-02,37612,875.40
16-Dec-02,37605,895.76
9-Dec-02,37598,889.48
2-Dec-02,37591,912.23
25-Nov-02,37584,936.31
18-Nov-02,37577,930.55
11-Nov-02,37570,909.83
4-Nov-02,37563,894.74
28-Oct-02,37556,900.96
21-Oct-02,37549,897.65
14-Oct-02,37542,884.39
7-Oct-02,37535,835.32
30-Sep-02,37528,800.58
23-Sep-02,37521,827.37
16-Sep-02,37514,845.39
9-Sep-02,37507,889.81
2-Sep-02,37500,893.92
26-Aug-02,37493,916.07
19-Aug-02,37486,940.86
12-Aug-02,37479,928.77
5-Aug-02,37472,908.64
29-Jul-02,37465,864.24
22-Jul-02,37458,852.84
15-Jul-02,37451,847.75
8-Jul-02,37444,921.39
1-Jul-02,37437,989.03
24-Jun-02,37430,989.82
17-Jun-02,37423,989.14
10-Jun-02,37416,1007.27
3-Jun-02,37409,1027.53
27-May-02,37402,1067.14
20-May-02,37395,1083.82
13-May-02,37388,1106.59
6-May-02,37381,1054.99
29-Apr-02,37374,1073.43
22-Apr-02,37367,1076.32
15-Apr-02,37360,1125.17
8-Apr-02,37353,1111.01
1-Apr-02,37346,1122.73
25-Mar-02,37339,1147.39
18-Mar-02,37332,1148.70
11-Mar-02,37325,1166.16
4-Mar-02,37318,1164.31
25-Feb-02,37311,1131.78
18-Feb-02,37304,1089.84
11-Feb-02,37297,1104.18
4-Feb-02,37290,1096.22
28-Jan-02,37283,1122.20
21-Jan-02,37276,1133.28
14-Jan-02,37269,1127.58
7-Jan-02,37262,1145.60
31-Dec-01,37255,1172.51
24-Dec-01,37248,1161.02
17-Dec-01,37241,1144.89
10-Dec-01,37234,1123.09
3-Dec-01,37227,1158.31
26-Nov-01,37220,1139.45
19-Nov-01,37213,1150.34
12-Nov-01,37206,1138.65
5-Nov-01,37199,1120.31
29-Oct-01,37192,1087.20
22-Oct-01,37185,1104.61
15-Oct-01,37178,1073.48
8-Oct-01,37171,1091.65
1-Oct-01,37164,1071.38
24-Sep-01,37157,1040.94
17-Sep-01,37150,965.80
10-Sep-01,37143,1092.54
3-Sep-01,37136,1085.78
27-Aug-01,37129,1133.58
20-Aug-01,37122,1184.93
13-Aug-01,37115,1161.97
6-Aug-01,37108,1190.16
30-Jul-01,37101,1214.35
23-Jul-01,37094,1205.82
16-Jul-01,37087,1210.85
9-Jul-01,37080,1215.68
2-Jul-01,37073,1190.59
25-Jun-01,37066,1224.38
18-Jun-01,37059,1225.35
11-Jun-01,37052,1214.36
4-Jun-01,37045,1264.96
28-May-01,37038,1260.67
21-May-01,37031,1277.89
14-May-01,37024,1291.96
7-May-01,37017,1245.67
30-Apr-01,37010,1266.61
23-Apr-01,37003,1253.05
16-Apr-01,36996,1242.98
9-Apr-01,36989,1183.50
2-Apr-01,36982,1128.43
26-Mar-01,36975,1160.33
19-Mar-01,36968,1139.83
12-Mar-01,36961,1150.53
5-Mar-01,36954,1233.42
26-Feb-01,36947,1234.18
19-Feb-01,36940,1245.86
12-Feb-01,36933,1301.53
5-Feb-01,36926,1314.76
29-Jan-01,36919,1349.47
22-Jan-01,36912,1354.95
15-Jan-01,36905,1342.54
8-Jan-01,36898,1318.55
1-Jan-01,36891,1298.35
25-Dec-00,36884,1320.28
18-Dec-00,36877,1305.95
11-Dec-00,36870,1312.15
4-Dec-00,36863,1369.89
27-Nov-00,36856,1315.23
20-Nov-00,36849,1341.77
13-Nov-00,36842,1367.72
6-Nov-00,36835,1365.98
30-Oct-00,36828,1426.69
23-Oct-00,36821,1379.58
16-Oct-00,36814,1396.93
9-Oct-00,36807,1374.17
2-Oct-00,36800,1408.99
25-Sep-00,36793,1436.51
18-Sep-00,36786,1448.72
11-Sep-00,36779,1465.81
4-Sep-00,36772,1494.50
28-Aug-00,36765,1520.77
21-Aug-00,36758,1506.45
14-Aug-00,36751,1491.72
7-Aug-00,36744,1471.84
31-Jul-00,36737,1462.93
24-Jul-00,36730,1419.89
17-Jul-00,36723,1480.19
10-Jul-00,36716,1509.98
3-Jul-00,36709,1478.90
26-Jun-00,36702,1454.60
19-Jun-00,36695,1441.48
12-Jun-00,36688,1464.46
5-Jun-00,36681,1456.95
29-May-00,36674,1477.26
22-May-00,36667,1378.02
15-May-00,36660,1406.95
8-May-00,36653,1420.96
1-May-00,36646,1432.63
24-Apr-00,36639,1452.43
17-Apr-00,36632,1434.54
10-Apr-00,36625,1356.56
3-Apr-00,36618,1516.35
27-Mar-00,36611,1498.58
20-Mar-00,36604,1527.46
13-Mar-00,36597,1464.47
6-Mar-00,36590,1395.07
28-Feb-00,36583,1409.17
21-Feb-00,36576,1333.36
14-Feb-00,36569,1346.09
7-Feb-00,36562,1387.12
31-Jan-00,36555,1424.37
24-Jan-00,36548,1360.16
17-Jan-00,36541,1441.36
10-Jan-00,36534,1465.15
3-Jan-00,36527,1441.47
27-Dec-99,36520,1469.25
20-Dec-99,36513,1458.34
13-Dec-99,36506,1421.03
6-Dec-99,36499,1417.04
29-Nov-99,36492,1433.30
22-Nov-99,36485,1416.62
15-Nov-99,36478,1422.00
8-Nov-99,36471,1396.06
1-Nov-99,36464,1370.23
25-Oct-99,36457,1362.93
18-Oct-99,36450,1301.65
11-Oct-99,36443,1247.41
4-Oct-99,36436,1336.02
27-Sep-99,36429,1282.81
20-Sep-99,36422,1277.36
13-Sep-99,36415,1335.42
6-Sep-99,36408,1351.66
30-Aug-99,36401,1357.24
23-Aug-99,36394,1348.27
16-Aug-99,36387,1336.61
9-Aug-99,36380,1327.68
2-Aug-99,36373,1300.29
26-Jul-99,36366,1328.72
19-Jul-99,36359,1356.94
12-Jul-99,36352,1418.78
5-Jul-99,36345,1403.28
28-Jun-99,36338,1391.22
21-Jun-99,36331,1315.31
14-Jun-99,36324,1342.84
7-Jun-99,36317,1293.64
31-May-99,36310,1327.75
24-May-99,36303,1301.84
17-May-99,36296,1330.29
10-May-99,36289,1337.80
3-May-99,36282,1345.00
26-Apr-99,36275,1335.18
19-Apr-99,36268,1356.85
12-Apr-99,36261,1319.00
5-Apr-99,36254,1348.35
29-Mar-99,36247,1293.72
22-Mar-99,36240,1282.80
15-Mar-99,36233,1299.29
8-Mar-99,36226,1294.59
1-Mar-99,36219,1275.47
22-Feb-99,36212,1238.33
15-Feb-99,36205,1239.22
8-Feb-99,36198,1230.13
1-Feb-99,36191,1239.40
25-Jan-99,36184,1279.64
18-Jan-99,36177,1225.19
11-Jan-99,36170,1243.26
4-Jan-99,36163,1275.09
28-Dec-98,36156,1229.23
21-Dec-98,36149,1226.27
14-Dec-98,36142,1188.03
7-Dec-98,36135,1166.46
30-Nov-98,36128,1176.74
23-Nov-98,36121,1192.33
16-Nov-98,36114,1163.55
9-Nov-98,36107,1125.72
2-Nov-98,36100,1141.01
26-Oct-98,36093,1098.67
19-Oct-98,36086,1070.67
12-Oct-98,36079,1056.42
5-Oct-98,36072,984.39
28-Sep-98,36065,1002.60
21-Sep-98,36058,1044.75
14-Sep-98,36051,1020.09
7-Sep-98,36044,1009.06
31-Aug-98,36037,973.89
24-Aug-98,36030,1027.14
17-Aug-98,36023,1081.24
10-Aug-98,36016,1062.75
3-Aug-98,36009,1089.45
27-Jul-98,36002,1120.67
20-Jul-98,35995,1140.80
13-Jul-98,35988,1186.75
6-Jul-98,35981,1164.33
29-Jun-98,35974,1146.42
22-Jun-98,35967,1133.20
15-Jun-98,35960,1100.65
8-Jun-98,35953,1098.84
1-Jun-98,35946,1113.86
25-May-98,35939,1090.82
18-May-98,35932,1110.47
11-May-98,35925,1108.73
4-May-98,35918,1108.14
27-Apr-98,35911,1121.00
20-Apr-98,35904,1107.90
13-Apr-98,35897,1122.72
6-Apr-98,35890,1110.67
30-Mar-98,35883,1122.70
23-Mar-98,35876,1095.44
16-Mar-98,35869,1099.16
9-Mar-98,35862,1068.61
2-Mar-98,35855,1055.69
23-Feb-98,35848,1049.34
16-Feb-98,35841,1034.21
9-Feb-98,35834,1020.09
2-Feb-98,35827,1012.46
26-Jan-98,35820,980.28
19-Jan-98,35813,957.59
12-Jan-98,35806,961.51
5-Jan-98,35799,927.69
29-Dec-97,35792,975.04
22-Dec-97,35785,936.46
15-Dec-97,35778,946.78
8-Dec-97,35771,953.39
1-Dec-97,35764,983.79
24-Nov-97,35757,955.40
17-Nov-97,35750,963.09
10-Nov-97,35743,928.35
3-Nov-97,35736,927.51
27-Oct-97,35729,914.62
20-Oct-97,35722,941.64
13-Oct-97,35715,944.16
6-Oct-97,35708,966.98
29-Sep-97,35701,965.03
22-Sep-97,35694,945.22
15-Sep-97,35687,950.51
8-Sep-97,35680,923.91
1-Sep-97,35673,929.05
25-Aug-97,35666,899.47
18-Aug-97,35659,923.54
11-Aug-97,35652,900.81
4-Aug-97,35645,933.54
28-Jul-97,35638,947.14
21-Jul-97,35631,938.79
14-Jul-97,35624,915.30
7-Jul-97,35617,916.68
30-Jun-97,35610,916.92
23-Jun-97,35603,887.30
16-Jun-97,35596,898.70
9-Jun-97,35589,893.27
2-Jun-97,35582,858.01
26-May-97,35575,848.28
19-May-97,35568,847.03
12-May-97,35561,829.75
5-May-97,35554,824.78
28-Apr-97,35547,812.97
21-Apr-97,35540,765.37
14-Apr-97,35533,766.34
7-Apr-97,35526,737.65
31-Mar-97,35519,757.90
24-Mar-97,35512,773.88
17-Mar-97,35505,784.10
10-Mar-97,35498,793.17
3-Mar-97,35491,804.97
24-Feb-97,35484,790.82
17-Feb-97,35477,801.77
10-Feb-97,35470,808.48
3-Feb-97,35463,789.56
27-Jan-97,35456,786.16
20-Jan-97,35449,770.52
13-Jan-97,35442,776.17
6-Jan-97,35435,759.50